title,product_url,new_price,old_price,discount,features
Apple MacBook Air 13 MW133 M4 Chip 10 Core CPU 10 Core GPU 16GB Ram 512GB SSD Midnight ,https://www.mega.pk/laptop_products/26785/Apple-MacBook-Air-13-MW133-M4-Chip-10-Core-CPU-10-Core-GPU-16GB-Ram-512GB-SSD-Midnight.html,"384,999 - PKR
374,999 - PKR","384,999 - PKR",3 % Off,Apple M4 Chip|RAM: 16GB|Screen: 13.6 Inch|OS: macOS|Storage: 512GB SSD|Speed: 10 Core CPU with 4 performance cores and 6 efficiency cores
Apple MacBook Air 13 MC6T4 M4 Chip 10 Core CPU 8 Core GPU 16GB Ram 256GB SSD Sky Blue ,https://www.mega.pk/laptop_products/26583/Apple-MacBook-Air-13-MC6T4-M4-Chip-10-Core-CPU-8-Core-GPU-16GB-Ram-256GB-SSD-Sky-Blue.html,"339,999 - PKR",,N/A,Apple M4 Chip|RAM: 16GB|Screen: 13.6 Inch|OS: macOS|Storage: 256GB SSD|Speed: 10 Core CPU with 4 performance cores and 6 efficiency cores
Apple MacBook Air 13 MC6U4 M4 Chip 10 Core CPU 10 Core GPU 16GB Ram 512GB SSD Sky Blue ,https://www.mega.pk/laptop_products/26582/Apple-MacBook-Air-13-MC6U4-M4-Chip-10-Core-CPU-10-Core-GPU-16GB-Ram-512GB-SSD-Sky-Blue.html,"389,999 - PKR
379,499 - PKR","389,999 - PKR",3 % Off,Apple M4 Chip|RAM: 16GB|Screen: 13.6 Inch|OS: macOS|Storage: 512GB SSD|Speed: 10 Core CPU with 4 performance cores and 6 efficiency cores
Apple MacBook Air 13 MW123 M4 Chip 10 Core CPU 8 Core GPU 16GB Ram 256GB SSD Midnight ,https://www.mega.pk/laptop_products/26581/Apple-MacBook-Air-13-MW123-M4-Chip-10-Core-CPU-8-Core-GPU-16GB-Ram-256GB-SSD-Midnight.html,"339,999 - PKR",,N/A,Apple M4 Chip|RAM: 16GB|Screen: 13.6 Inch|OS: macOS|Storage: 256GB SSD|Speed: 10 Core CPU with 4 performance cores and 6 efficiency cores
Apple MacBook Air 13 MW0Y3 M4 Chip 10 Core CPU 8 Core GPU 16GB Ram 256GB SSD Starlight ,https://www.mega.pk/laptop_products/26580/Apple-MacBook-Air-13-MW0Y3-M4-Chip-10-Core-CPU-8-Core-GPU-16GB-Ram-256GB-SSD-Starlight.html,"339,999 - PKR",,N/A,Apple M4 Chip|RAM: 16GB|Screen: 13.6 Inch|OS: macOS|Storage: 256GB SSD|Speed: 10 Core CPU with 4 performance cores and 6 efficiency cores
Lenovo Legion Pro 7 16IAX10H Core Ultra 9 32GB RAM 1TB SSD 16GB RTX 5080 Windows 11,https://www.mega.pk/laptop_products/27072/Lenovo-Legion-Pro-7-16IAX10H-Core-Ultra-9-32GB-RAM-1TB-SSD-16GB-RTX-5080-Windows-11.html,"949,999 - PKR",,N/A,Intel Core Ultra 9 275HX|RAM: 32GB|Screen: 16 inches|OS: Windows 11|Storage: 1TB SSD|M.2 2280 PCIe 5.0x4|Speed: up to 5.40 GHz
Dell 15 DC15250 Core i7 13th Generation 16GB RAM 512GB SSD Windows 11,https://www.mega.pk/laptop_products/27068/Dell-15-DC15250-Core-i7-13th-Generation-16GB-RAM-512GB-SSD-Windows-11.html,"239,999 - PKR",,N/A,Intel Core i7 1355U|RAM: 16GB|Screen: 15.6 Inch|OS: Windows 11|Storage: 512GB SSD|Speed: up to 5.00 GHz
Apple MacBook Air 15 M4 Chip 10 Core CPU 10 Core GPU 24GB Ram 1TB SSD Silver ,https://www.mega.pk/laptop_products/27066/Apple-MacBook-Air-15-M4-Chip-10-Core-CPU-10-Core-GPU-24GB-Ram-1TB-SSD-Silver.html,"524,999 - PKR",,N/A,Apple M4 Chip|RAM: 24GB|Screen: 15.3 Inch|OS: macOS|Storage: 1TB SSD|Speed: 10 Core CPU with 4 performance cores and 6 efficiency cores
Lenovo ThinkPad X1 Carbon Gen 13 Aura Edition Core Ultra 7 32GB RAM 1TB SSD Windows 11 Pro,https://www.mega.pk/laptop_products/27053/Lenovo-ThinkPad-X1-Carbon-Gen-13-Aura-Edition-Core-Ultra-7-32GB-RAM-1TB-SSD-Windows-11-Pro.html,"574,999 - PKR",,N/A,Intel Core Ultra 7 255U|RAM: 32GB|Screen: 14 Inches|OS: Windows 11 Pro|Storage: 1TB SSD|M.2 2280 PCIe 4.0×4 NVMe Opal 2.0|Speed: up to 5.20 GHz
HP AI 15 FD2050wm Core Ultra 5 8GB RAM 512GB SSD Windows 11 Touch,https://www.mega.pk/laptop_products/27052/HP-AI-15-FD2050wm-Core-Ultra-5-8GB-RAM-512GB-SSD-Windows-11-Touch.html,"189,999 - PKR",,N/A,Intel Core Ultra 5 225U|RAM: 8GB|Screen: 15.6 Inch|OS: Windows 11|Storage: 512GB SSD|PCIe NVMe M.2 SSD|Speed: Up to 4.80 GHz
Apple Macbook Pro 16 M5 Max Chip 18 Core CPU 40 Core GPU 64GB RAM 2TB SSD Nano Texture Display,https://www.mega.pk/laptop_products/27051/Apple-Macbook-Pro-16-M5-Max-Chip-18-Core-CPU-40-Core-GPU-64GB-RAM-2TB-SSD-Nano-Texture-Display.html,"1,899,999 - PKR",,N/A,Apple M5 Max chip|RAM: 64GB|Screen: 16.2 Inches|OS: macOS|Storage: 2TB SSD
HP OmniBook 5 16 AF1055cl Core Ultra 5 16GB RAM 1TB SSD Windows 11 Touch,https://www.mega.pk/laptop_products/27050/HP-OmniBook-5-16-AF1055cl-Core-Ultra-5-16GB-RAM-1TB-SSD-Windows-11-Touch.html,"229,999 - PKR",,N/A,Intel Core Ultra 5 225U|RAM: 16GB|Screen: 16 inches|OS: Windows 11|Storage: 1TB SSD|PCIe Gen4 NVMe M.2 SSD|Speed: up to 4.8 GHz
HP OMEN Slim 16 AN0075cl Core Ultra 9 32GB RAM 1TB SSD 8GB RTX 5070 Windows 11,https://www.mega.pk/laptop_products/27049/HP-OMEN-Slim-16-AN0075cl-Core-Ultra-9-32GB-RAM-1TB-SSD-8GB-RTX-5070-Windows-11.html,"551,999 - PKR
539,999 - PKR","551,999 - PKR",2 % Off,Intel Core Ultra 9 285H|RAM: 32GB|Screen: 16 Inches|OS: Windows 11|Storage: 1TB SSD|1 TB PCIe Gen4 NVMe M.2 SSD|Speed: up to 5.4 GHz
Lenovo LOQ 15ARP10E AMD Ryzen 7 16GB RAM 512GB SSD 6GB RTX 4050 DOS ,https://www.mega.pk/laptop_products/27048/Lenovo-LOQ-15ARP10E-AMD-Ryzen-7-16GB-RAM-512GB-SSD-6GB-RTX-4050-DOS.html,"294,999 - PKR
284,999 - PKR","294,999 - PKR",3 % Off,AMD Ryzen 7 7435HS|RAM: 16GB|Screen: 15.6 Inch|OS: DOS|Storage: 512GB|SSD|Speed: up to 5.1 GHz
Hp 255R G10 Ryzen 5 16GB RAM 512GB SSD DOS,https://www.mega.pk/laptop_products/27047/Hp-255R-G10-Ryzen-5-16GB-RAM-512GB-SSD-DOS.html,"174,999 - PKR",,N/A,AMD Ryzen 5 7535U|RAM: 16GB|Screen: 15.6 Inch|OS: DOS|Storage: 512GB SSD|Speed: up to 4.5 GHz
HP 250R G10 Core 5 8GB RAM 512GB SSD DOS,https://www.mega.pk/laptop_products/27046/HP-250R-G10-Core-5-8GB-RAM-512GB-SSD-DOS.html,"169,999 - PKR",,N/A,Intel Core 5 120U|RAM: 8GB|Screen: 15.6 Inch|OS: DOS|Storage: 512GB SSD|PCIe NVMe M.2 SSD|Speed: up to 5.0 GHz
HP 15 FD1899nr Intel Core 7 16GB RAM 512GB SSD Windows 11,https://www.mega.pk/laptop_products/27045/HP-15-FD1899nr-Intel-Core-7-16GB-RAM-512GB-SSD-Windows-11.html,"212,999 - PKR",,N/A,Intel Core 7-150U|RAM: 16GB|Screen: 15.6 Inch|OS: Windows 11|Storage: 512GB SSD|PCIe NVMe M.2 SSD|Speed: up to 5.4 GHz
HP 15 FD0154wm Core Ultra 5 8GB RAM 512GB SSD Windows 11 Touch,https://www.mega.pk/laptop_products/27044/HP-15-FD0154wm-Core-Ultra-5-8GB-RAM-512GB-SSD-Windows-11-Touch.html,"194,999 - PKR",,N/A,Intel Core Ultra 5 125H|RAM: 8GB|Screen: 15.6 Inch|OS: Windows 11|Storage: 512GB SSD|Speed: Up to 4.50 GHz
HP OmniBook X Flip NGAI 16-AR0013dx Ryzen AI 5 16GB RAM 512GB SSD 2K Touch Windows 11,https://www.mega.pk/laptop_products/27043/HP-OmniBook-X-Flip-NGAI-16-AR0013dx-Ryzen-AI-5-16GB-RAM-512GB-SSD-2K-Touch-Windows-11.html,"254,999 - PKR
249,999 - PKR","254,999 - PKR",2 % Off,AMD Ryzen AI 5 340|RAM: 16GB|Screen: 16 Inches|OS: Windows 11|Storage: 512GB SSD|PCIe Gen4 NVMe M.2 SSD|Speed: up to 4.8 GHz
Lenovo LOQ 15 AMD Ryzen 5 16GB RAM 512GB SSD 8GB RTX 5050 Windows 11 ,https://www.mega.pk/laptop_products/27040/Lenovo-LOQ-15-AMD-Ryzen-5-16GB-RAM-512GB-SSD-8GB-RTX-5050-Windows-11.html,"284,999 - PKR",,N/A,AMD Ryzen 5 220|RAM: 16GB|Screen: 15.6 Inch|OS: Windows 11|Storage: 512GB|SSD|Speed: Up to 4.9 GHz
Lenovo LOQ 15 AMD Ryzen 7 16GB RAM 512GB SSD 8GB RTX 5050 Windows 11 ,https://www.mega.pk/laptop_products/27039/Lenovo-LOQ-15-AMD-Ryzen-7-16GB-RAM-512GB-SSD-8GB-RTX-5050-Windows-11.html,"321,999 - PKR",,N/A,AMD Ryzen 7 250|RAM: 16GB|Screen: 15.6 Inch|OS: Windows 11|Storage: 512GB|SSD|Speed: Up to 5.1 GHz
Apple Macbook Pro 16 MGEA4 M5 Pro 18 Core CPU 20 Core GPU 24GB RAM 1TB SSD Space Black,https://www.mega.pk/laptop_products/27038/Apple-Macbook-Pro-16-MGEA4-M5-Pro-18-Core-CPU-20-Core-GPU-24GB-RAM-1TB-SSD-Space-Black.html,"874,999 - PKR",,N/A,Apple M5 Pro chip|RAM: 24GB|Screen: 16 Inches|OS: macOS|Storage: 1TB SSD
Apple Macbook Pro 16 MGEC4 M5 Pro 18 Core CPU 20 Core GPU 48GB RAM 1TB SSD Space Black,https://www.mega.pk/laptop_products/27037/Apple-Macbook-Pro-16-MGEC4-M5-Pro-18-Core-CPU-20-Core-GPU-48GB-RAM-1TB-SSD-Space-Black.html,"1,069,999 - PKR",,N/A,Apple M5 Pro chip|RAM: 48GB|Screen: 16 Inches|OS: macOS|Storage: 1TB SSD
ASUS ROG Strix G16 Core i9 14th Generation 16GB Ram 1TB SSD 8GB NVIDIA RTX5060 Windows 11,https://www.mega.pk/laptop_products/27036/ASUS-ROG-Strix-G16-Core-i9-14th-Generation-16GB-Ram-1TB-SSD-8GB-NVIDIA-RTX5060-Windows-11.html,"539,999 - PKR",,N/A,Intel Core i9 Processor 14900HX|RAM: 16GB|Screen: 16 Inches|OS: Windows 11|Storage: 1TB SSD|PCIe 4.0 NVMe M.2 SSD|Speed: up to 5.80 GHz
ASUS TUF F16 FX608J Core i7 14th Generation 16GB RAM 1TB SSD 8GB RTX 5070 Windows11,https://www.mega.pk/laptop_products/27035/ASUS-TUF-F16-FX608J-Core-i7-14th-Generation-16GB-RAM-1TB-SSD-8GB-RTX-5070-Windows11.html,"464,499 - PKR",,N/A,Intel Core i7-14650HX|RAM: 16GB|Screen: 16 inches|OS: Windows11|Storage: 1TB SSD|SSD|Speed: up to 5.2 GHz
Apple MacBook Pro 14 M3 Pro Chip 11 Core CPU 14 Core GPU 36GB RAM 512GB SSD,https://www.mega.pk/laptop_products/27032/Apple-MacBook-Pro-14-M3-Pro-Chip-11-Core-CPU-14-Core-GPU-36GB-RAM-512GB-SSD.html,"719,999 - PKR
709,999 - PKR","719,999 - PKR",1 % Off,Apple M3 Pro Chip|RAM: 36GB|Screen: 14.2 INCHES|OS: macOS|Storage: 512GB|SSD|Speed: 11 Core CPU with 5 performance cores and 6 efficiency cores 16 Core Neural Engine 150GB/s memory bandwidth
Apple MacBook Air 13 MDHF4 M5 Chip 10C CPU 10C GPU 16GB RAM 1TB SSD Midnight,https://www.mega.pk/laptop_products/27031/Apple-MacBook-Air-13-MDHF4-M5-Chip-10C-CPU-10C-GPU-16GB-RAM-1TB-SSD-Midnight.html,"459,999 - PKR",,N/A,Apple M5 chip|RAM: 16GB|Screen: 13.6 Inch|OS: macOS|Storage: 1TB SSD
Apple MacBook Air 13 MDHJ4 M5 Chip 10C CPU 10C GPU 16GB RAM 1TB SSD SkyBlue,https://www.mega.pk/laptop_products/27030/Apple-MacBook-Air-13-MDHJ4-M5-Chip-10C-CPU-10C-GPU-16GB-RAM-1TB-SSD-SkyBlue.html,"459,999 - PKR",,N/A,Apple M5 chip|RAM: 16GB|Screen: 13.6 Inch|OS: macOS|Storage: 1TB SSD
Apple MacBook Air 15 M5 Chip MDVH4 10C CPU 10C GPU 16GB RAM 512GB SSD Midnight,https://www.mega.pk/laptop_products/27029/Apple-MacBook-Air-15-M5-Chip-MDVH4-10C-CPU-10C-GPU-16GB-RAM-512GB-SSD-Midnight.html,"449,999 - PKR",,N/A,Apple M5 chip|RAM: 16GB|Screen: 15.3 Inch|OS: macOS|Storage: 512GB SSD
Apple MacBook Air 15 M5 Chip MDVD4 10C CPU 10C GPU 16GB RAM 512GB SSD Starlight,https://www.mega.pk/laptop_products/27028/Apple-MacBook-Air-15-M5-Chip-MDVD4-10C-CPU-10C-GPU-16GB-RAM-512GB-SSD-Starlight.html,"449,999 - PKR",,N/A,Apple M5 chip|RAM: 16GB|Screen: 15.3 Inch|OS: macOS|Storage: 512GB SSD
Apple MacBook Air 15 M5 Chip MDVQ4 10C CPU 10C GPU 16GB RAM 512GB SSD SkyBlue,https://www.mega.pk/laptop_products/27027/Apple-MacBook-Air-15-M5-Chip-MDVQ4-10C-CPU-10C-GPU-16GB-RAM-512GB-SSD-SkyBlue.html,"449,999 - PKR",,N/A,Apple M5 chip|RAM: 16GB|Screen: 15.3 Inch|OS: macOS|Storage: 512GB SSD
Apple MacBook Air 13 MDHK4 M5 Chip 10C CPU 10C GPU 24GB RAM 1TB SSD SkyBlue,https://www.mega.pk/laptop_products/27026/Apple-MacBook-Air-13-MDHK4-M5-Chip-10C-CPU-10C-GPU-24GB-RAM-1TB-SSD-SkyBlue.html,"499,999 - PKR",,N/A,Apple M5 chip|RAM: 24GB|Screen: 13.6 Inch|OS: macOS|Storage: 1TB SSD
Apple MacBook Air 13 MDHG4 M5 Chip 10C CPU 10C GPU 24GB RAM 1TB SSD Midnight,https://www.mega.pk/laptop_products/27025/Apple-MacBook-Air-13-MDHG4-M5-Chip-10C-CPU-10C-GPU-24GB-RAM-1TB-SSD-Midnight.html,"499,999 - PKR",,N/A,Apple M5 chip|RAM: 24GB|Screen: 13.6 Inch|OS: macOS|Storage: 1TB SSD
Apple MacBook Air 13 MDHA4 M5 Chip 16GB RAM 512GB SSD Starlight,https://www.mega.pk/laptop_products/27024/Apple-MacBook-Air-13-MDHA4-M5-Chip-16GB-RAM-512GB-SSD-Starlight.html,"374,999 - PKR",,N/A,Apple M5 chip|RAM: 16GB|Screen: 13.6 Inch|OS: macOS|Storage: 512GB SSD
LENOVO Legion 5 15IRX10 Core i9 14th Generation 32GB RAM 1TB SSD 8GB RTX 5070 Windows 11,https://www.mega.pk/laptop_products/27023/LENOVO-Legion-5-15IRX10-Core-i9-14th-Generation-32GB-RAM-1TB-SSD-8GB-RTX-5070-Windows-11.html,"609,999 - PKR
589,999 - PKR","609,999 - PKR",3 % Off,Intel Core i9-14900HX|RAM: 32GB|Screen: 15.1 Inch|OS: Windows 11|Storage: 1TB SSD|M.2 2242 PCIe 4.0×4 NVMe|Speed: up to 5.80 GHz
Apple MacBook Air 13 MDHH4 M5 Chip 16GB RAM 512GB SSD SkyBlue,https://www.mega.pk/laptop_products/27022/Apple-MacBook-Air-13-MDHH4-M5-Chip-16GB-RAM-512GB-SSD-SkyBlue.html,"374,999 - PKR",,N/A,Apple M5 chip|RAM: 16GB|Screen: 13.6 Inch|OS: macOS|Storage: 512GB SSD
Apple MacBook Air 13 MDHE4 M5 Chip 16GB RAM 512GB SSD Midnight,https://www.mega.pk/laptop_products/27021/Apple-MacBook-Air-13-MDHE4-M5-Chip-16GB-RAM-512GB-SSD-Midnight.html,"374,999 - PKR",,N/A,Apple M5 chip|RAM: 16GB|Screen: 13.6 Inch|OS: macOS|Storage: 512GB SSD
Apple Macbook Pro 14 Z1MH002K8 M5 Pro 18 Core CPU 20 Core GPU 64GB RAM 1TB SSD Nano Texture,https://www.mega.pk/laptop_products/27011/Apple-Macbook-Pro-14-Z1MH002K8-M5-Pro-18-Core-CPU-20-Core-GPU-64GB-RAM-1TB-SSD-Nano-Texture.html,"1,399,999 - PKR",,N/A,Apple M5 Pro chip|RAM: 64GB|Screen: 14.2 Inches|OS: macOS|Storage: 1TB SSD
Apple MacBook Neo MHFJ4 8GB RAM 512GB SSD With Touch iD,https://www.mega.pk/laptop_products/27010/Apple-MacBook-Neo-MHFJ4-8GB-RAM-512GB-SSD-With-Touch-iD.html,"279,999 - PKR",,N/A,Apple A18 Pro chip|RAM: 8GB|Screen: 13.0 Inch|OS: macOS|Storage: 512GB SSD|Speed: 6 Core CPU with 2 performance Cores and 4 efficiency cores
HP 15 FD0215Dx Core 5 16GB RAM 512GB SSD Windows 11 Touch,https://www.mega.pk/laptop_products/26991/HP-15-FD0215Dx-Core-5-16GB-RAM-512GB-SSD-Windows-11-Touch.html,"191,999 - PKR",,N/A,Intel Core 5 120U|RAM: 16GB|Screen: 15.6 Inch|OS: Windows 11|Storage: 512GB SSD|PCIe NVMe M.2 SSD|Speed: up to 5.0 GHz
Apple Macbook Pro 14 MGDU4 M5 Max Chip 18 Core CPU 32 Core GPU 36GB RAM 2TB SSD Space Black,https://www.mega.pk/laptop_products/26987/Apple-Macbook-Pro-14-MGDU4-M5-Max-Chip-18-Core-CPU-32-Core-GPU-36GB-RAM-2TB-SSD-Space-Black.html,"1,211,999 - PKR
1,179,999 - PKR","1,211,999 - PKR",3 % Off,Apple M5 Max chip|RAM: 36GB|Screen: 14.2 Inches|OS: macOS|Storage: 2TB SSD
Apple Macbook Pro 14 MJLW4 M5 Pro 15 Core CPU 16 Core GPU 24GB RAM 2TB SSD Space Black,https://www.mega.pk/laptop_products/26986/Apple-Macbook-Pro-14-MJLW4-M5-Pro-15-Core-CPU-16-Core-GPU-24GB-RAM-2TB-SSD-Space-Black.html,"844,999 - PKR",,N/A,Apple M5 Pro chip|RAM: 24GB|Screen: 14.2 Inches|OS: macOS|Storage: 2TB SSD
Apple Macbook Pro 14 MGDR4 M5 Pro 15 Core CPU 16 Core GPU 24GB RAM 1TB SSD Space Black,https://www.mega.pk/laptop_products/26985/Apple-Macbook-Pro-14-MGDR4-M5-Pro-15-Core-CPU-16-Core-GPU-24GB-RAM-1TB-SSD-Space-Black.html,"769,999 - PKR",,N/A,Apple M5 Pro chip|RAM: 24GB|Screen: 14.2 Inches|OS: macOS|Storage: 1TB SSD
Apple MacBook Air 15 M5 Chip,https://www.mega.pk/laptop_products/26984/Apple-MacBook-Air-15-M5-Chip.html,"449,999 - PKR",,N/A,Apple M5 chip|RAM: 16GB|Screen: 15.3 Inch|OS: macOS|Storage: 512GB SSD
Apple MacBook Air 13 M5 Chip,https://www.mega.pk/laptop_products/26983/Apple-MacBook-Air-13-M5-Chip.html,"374,999 - PKR",,N/A,Apple M5 chip|RAM: 16GB|Screen: 13.6 Inch|OS: macOS|Storage: 512GB SSD
Apple MacBook Neo 8GB RAM 512GB SSD,https://www.mega.pk/laptop_products/26980/Apple-MacBook-Neo-8GB-RAM-512GB-SSD.html,"279,999 - PKR",,N/A,Apple A18 Pro chip|RAM: 8GB|Screen: 13.0 Inch|OS: macOS|Storage: 512GB SSD|Speed: 6 Core CPU with 2 performance Cores and 4 efficiency cores
Apple MacBook Neo 8GB RAM 256GB SSD,https://www.mega.pk/laptop_products/26979/Apple-MacBook-Neo-8GB-RAM-256GB-SSD.html,"244,999 - PKR
239,999 - PKR","244,999 - PKR",2 % Off,Apple A18 Pro chip|RAM: 8GB|Screen: 13.0 Inch|OS: macOS|Storage: 256GB SSD|Speed: 6 Core CPU with 2 performance Cores and 4 efficiency cores
Dell 15 DC15250 Core i5 13th Generation 8GB RAM 512GB SSD Windows 11,https://www.mega.pk/laptop_products/26978/Dell-15-DC15250-Core-i5-13th-Generation-8GB-RAM-512GB-SSD-Windows-11.html,"164,999 - PKR",,N/A,Core i5 1334U|RAM: 8GB|Screen: 15.6 Inch|OS: Windows 11|Storage: 512GB SSD|Speed: up to 4.6 GHz
ACER NITRO ANV16-42-R309 Ryzen 5 16GB RAM 512GB SSD 8GB RTX 5050 Windows 11,https://www.mega.pk/laptop_products/26971/ACER-NITRO-ANV16-42-R309-Ryzen-5-16GB-RAM-512GB-SSD-8GB-RTX-5050-Windows-11.html,"271,999 - PKR",,N/A,AMD Ryzen 5 240 Ryzen AI|RAM: 16GB|OS: Windows 11|Storage: 512GB SSD|PCI Express NVMe 4.0|Speed: up to 4.30 GHz
ACER NITRO V16 SLIM ANV16S-41-R89V Ryzen 7 16GB RAM 512GB SSD 8GB RTX 5060 Windows 11,https://www.mega.pk/laptop_products/26970/ACER-NITRO-V16-SLIM-ANV16S-41-R89V-Ryzen-7-16GB-RAM-512GB-SSD-8GB-RTX-5060-Windows-11.html,"359,999 - PKR
354,999 - PKR","359,999 - PKR",1 % Off,AMD Ryzen 7 260 Ryzen AI|RAM: 16GB|OS: Windows 11|Storage: 512GB SSD|PCI Express NVMe 4.0|Speed: up to 5.10 GHz
HP ProBook 4 G1i 14 Core Ultra 5 16GB RAM 512GB SSD DOS,https://www.mega.pk/laptop_products/26963/HP-ProBook-4-G1i-14-Core-Ultra-5-16GB-RAM-512GB-SSD-DOS.html,"254,999 - PKR",,N/A,Intel Core Ultra 5 225U|RAM: 16GB|Screen: 14 Inches|OS: DOS|Storage: 512GB SSD|SSD|Speed: up to 4.8 GHz
HP ProBook 4 G1i 14 Core Ultra 7 16GB RAM 512GB SSD DOS,https://www.mega.pk/laptop_products/26962/HP-ProBook-4-G1i-14-Core-Ultra-7-16GB-RAM-512GB-SSD-DOS.html,"294,999 - PKR",,N/A,Intel Core Ultra 7 255U|RAM: 16GB|Screen: 14 Inches|OS: DOS|Storage: 512GB SSD|SSD|Speed: up to 5.2 GHz
HP ProBook 4 G1i 16 Core Ultra 7 16GB RAM 512GB SSD DOS,https://www.mega.pk/laptop_products/26956/HP-ProBook-4-G1i-16-Core-Ultra-7-16GB-RAM-512GB-SSD-DOS.html,"294,999 - PKR",,N/A,Intel Core Ultra 7 255U|RAM: 16GB|Screen: 16 Inches|OS: DOS|Storage: 512GB SSD|SSD|Speed: up to 5.2 GHz
HP ProBook 4 G1i 16 Core Ultra 5 16GB RAM 512GB SSD DOS,https://www.mega.pk/laptop_products/26955/HP-ProBook-4-G1i-16-Core-Ultra-5-16GB-RAM-512GB-SSD-DOS.html,"259,999 - PKR
254,999 - PKR","259,999 - PKR",2 % Off,Intel Core Ultra 5 225U|RAM: 16GB|Screen: 16 Inches|OS: DOS|Storage: 512GB SSD|SSD|Speed: up to 4.8 GHz
Lenovo LOQ 15 Core i5 13th Generation 16GB RAM 512GB SSD 8GB RTX 5050 DOS ,https://www.mega.pk/laptop_products/26945/Lenovo-LOQ-15-Core-i5-13th-Generation-16GB-RAM-512GB-SSD-8GB-RTX-5050-DOS.html,"304,999 - PKR",,N/A,Core i5 13th Generation i5-13450HX|RAM: 16GB|Screen: 15.6 Inch|OS: DOS|Storage: 512GB SSD|SSD|Speed: up to 4.6 GHz
LENOVO IdeaPad 5 Core Ultra 5 8GB RAM 512GB SSD Touch X360 Windows 11,https://www.mega.pk/laptop_products/26944/LENOVO-IdeaPad-5-Core-Ultra-5-8GB-RAM-512GB-SSD-Touch-X360-Windows-11.html,"198,999 - PKR
194,999 - PKR","198,999 - PKR",2 % Off,Intel Core Ultra 5 225U|RAM: 8GB|Screen: 14 Inches|OS: Windows 11|Storage: 512GB SSD|M.2 2242 PCIe 4.0×4 NVMe|Speed: up to 4.8GHz
Asus Rog Strix Scar 18 G835LX Ultra 9 32GB Ram 2TB SSD 24GB RTX5090 Windows 11,https://www.mega.pk/laptop_products/26931/Asus-Rog-Strix-Scar-18-G835LX-Ultra-9-32GB-Ram-2TB-SSD-24GB-RTX5090-Windows-11.html,"1,989,999 - PKR
1,949,999 - PKR","1,989,999 - PKR",2 % Off,Intel Core Ultra 9 275HX|RAM: 32GB|Screen: 18 Inches|OS: Windows 11|Storage: 2TB SSD|PCIe 4.0 NVMe M.2 SSD|Speed: up to 5.4 GHz
Asus Rog Strix Scar 18 G815LW Ultra 9 32GB Ram 2TB SSD 16GB RTX5080 Windows 11,https://www.mega.pk/laptop_products/26930/Asus-Rog-Strix-Scar-18-G815LW-Ultra-9-32GB-Ram-2TB-SSD-16GB-RTX5080-Windows-11.html,"1,199,499 - PKR",,N/A,Intel Core Ultra 9 275HX|RAM: 32GB|Screen: 18 Inches|OS: Windows 11|Storage: 2TB SSD|PCIe 4.0 NVMe M.2 SSD|Speed: up to 5.4 GHz
Lenovo V15 G5 Core i5 13th Generation 8GB RAM 512GB SSD DOS,https://www.mega.pk/laptop_products/26928/Lenovo-V15-G5-Core-i5-13th-Generation-8GB-RAM-512GB-SSD-DOS.html,"174,999 - PKR",,N/A,Core i5 13th Gen 13420H|RAM: 8GB|Screen: 15.6 Inch|OS: DOS|Storage: 512GB SSD|Speed: up to 4.6 GHz
Lenovo V15 G5 Core i3 13th Generation 8GB RAM 256GB SSD DOS,https://www.mega.pk/laptop_products/26927/Lenovo-V15-G5-Core-i3-13th-Generation-8GB-RAM-256GB-SSD-DOS.html,"119,999 - PKR
124,499 - PKR","119,999 - PKR",-4 % Off,Core i3 13th Gen 1315u|RAM: 8GB|Screen: 15.6 Inch|OS: DOS|Storage: 256GB SSD|Speed: up to 4.50 GHz
HP OmniBook 5 Ai 16 AF1017wm Core Ultra 7 16GB RAM 1TB SSD Touch Windows 11,https://www.mega.pk/laptop_products/26926/HP-OmniBook-5-Ai-16-AF1017wm-Core-Ultra-7-16GB-RAM-1TB-SSD-Touch-Windows-11.html,"254,999 - PKR",,N/A,Intel Core Ultra 7 255U|RAM: 16GB|Screen: 16 inches|OS: Windows 11|Storage: 1TB SSD|PCIe Gen4 NVMe M.2 SSD|Speed: up to 5.2 GHz
Lenovo ThinkBook 16 G8 Core 5 8GB RAM 512GB SSD DOS,https://www.mega.pk/laptop_products/26924/Lenovo-ThinkBook-16-G8-Core-5-8GB-RAM-512GB-SSD-DOS.html,"199,999 - PKR
196,999 - PKR","199,999 - PKR",2 % Off,Intel Core 5 210H|RAM: 8GB|Screen: 16 INCHES|OS: DOS|Storage: 512GB|SSD|Speed: up to 4.8 GHz
Apple MacBook Pro 14 MDE34 M5 Chip 10 Core CPU 10 Core GPU 24GB RAM 1TB SSD Space Black,https://www.mega.pk/laptop_products/26917/Apple-MacBook-Pro-14-MDE34-M5-Chip-10-Core-CPU-10-Core-GPU-24GB-RAM-1TB-SSD-Space-Black.html,"669,999 - PKR",,N/A,Apple M5 chip|RAM: 24GB Unified memory|Screen: 14.2 Inches|OS: macOS|Storage: 1TB SSD|Speed: 10 Core CPU with 4 performance cores and 6 efficiency cores
Apple MacBook Pro 14 MDE14 M5 Chip 10 Core CPU 10 Core GPU 16GB RAM 1TB SSD Space Black,https://www.mega.pk/laptop_products/26916/Apple-MacBook-Pro-14-MDE14-M5-Chip-10-Core-CPU-10-Core-GPU-16GB-RAM-1TB-SSD-Space-Black.html,"584,999 - PKR",,N/A,Apple M5 chip|RAM: 16GB|Screen: 14.2 Inches|OS: macOS|Storage: 1TB SSD|Speed: 10 Core CPU with 4 performance cores and 6 efficiency cores
Apple MacBook Pro 14 MDE44 M5 Chip 10 Core CPU 10 Core GPU 16GB RAM 512GB SSD,https://www.mega.pk/laptop_products/26915/Apple-MacBook-Pro-14-MDE44-M5-Chip-10-Core-CPU-10-Core-GPU-16GB-RAM-512GB-SSD.html,"519,999 - PKR
509,999 - PKR","519,999 - PKR",2 % Off,Apple M5 chip|RAM: 16GB|Screen: 14.2 Inches|OS: macOS|Storage: 512GB SSD|Speed: 10 Core CPU with 4 performance cores and 6 efficiency cores
Lenovo Legion 9i Gen 10 Core Ultra 9 128GB RAM 4TB SSD 24GB RTX 5090 Windows 11 Pro,https://www.mega.pk/laptop_products/26914/Lenovo-Legion-9i-Gen-10-Core-Ultra-9-128GB-RAM-4TB-SSD-24GB-RTX-5090-Windows-11-Pro.html,COMING SOON,N/A,N/A,Intel Core Ultra 9 275HX|RAM: 192GB|Screen: 18 inches|OS: Windows 11 Pro|Storage: 4TB SSD|M.2 2242 PCIe 4.0×4 NVMe|Speed: up to 5.40 GHz
HP 15 FD1310TU Core Ultra 7 8GB RAM 512GB SSD DOS,https://www.mega.pk/laptop_products/26906/HP-15-FD1310TU-Core-Ultra-7-8GB-RAM-512GB-SSD-DOS.html,"224,999 - PKR
219,999 - PKR","224,999 - PKR",2 % Off,Intel Core Ultra 7 155H|RAM: 8GB|Screen: 15.6 Inch|OS: DOS|Storage: 512GB SSD|Speed: up to 4.80 GHz
HP 15 FD1311TU Core Ultra 5 8GB RAM 512GB SSD DOS,https://www.mega.pk/laptop_products/26905/HP-15-FD1311TU-Core-Ultra-5-8GB-RAM-512GB-SSD-DOS.html,"184,999 - PKR",,N/A,Intel Core Ultra 5 125H|RAM: 8GB|Screen: 15.6 Inch|OS: DOS|Storage: 512GB SSD|Speed: Up to 4.50 GHz
DELL 14 PLUS Core Ultra 7 16GB RAM 1TB SSD Touch Windows 11,https://www.mega.pk/laptop_products/26891/DELL-14-PLUS-Core-Ultra-7-16GB-RAM-1TB-SSD-Touch-Windows-11.html,"304,999 - PKR",,N/A,Intel Core Ultra 7 256V|RAM: 16GB|Screen: 14 Inches|OS: Windows 11|Storage: 1TB SSD|Speed: up to 4.8 GHz
HP Victus 15 FA2082wm Core i5 13th Generation 16GB RAM 512GB SSD 6GB RTX 4050 Windows 11,https://www.mega.pk/laptop_products/26885/HP-Victus-15-FA2082wm-Core-i5-13th-Generation-16GB-RAM-512GB-SSD-6GB-RTX-4050-Windows-11.html,"274,999 - PKR
269,499 - PKR","274,999 - PKR",2 % Off,Intel Core i5-13420H|RAM: 16GB|Screen: 15.6 INCHES|OS: Windows 11|Storage: 512GB SSD|SSD|Speed: up to 4.6 GHz
ASUS ROG Strix G16 Ryzen 9 16GB Ram 1TB SSD 8GB RTX5050 Windows 11,https://www.mega.pk/laptop_products/26884/ASUS-ROG-Strix-G16-Ryzen-9-16GB-Ram-1TB-SSD-8GB-RTX5050-Windows-11.html,"489,999 - PKR
484,499 - PKR","489,999 - PKR",1 % Off,AMD Ryzen 9 9955HX|RAM: 16GB|Screen: 16 Inches|OS: Windows 11|Storage: 1TB SSD|PCIe 4.0 NVMe M.2 SSD|Speed: up to 5.4GHz
LENOVO Legion 5 15IRX10 Core i9 14th Generation 16GB RAM 1TB SSD 8GB RTX 5070 Windows 11,https://www.mega.pk/laptop_products/26883/LENOVO-Legion-5-15IRX10-Core-i9-14th-Generation-16GB-RAM-1TB-SSD-8GB-RTX-5070-Windows-11.html,"549,999 - PKR
529,999 - PKR","549,999 - PKR",4 % Off,Intel Core i9-14900HX|RAM: 16GB|Screen: 15.1 Inch|OS: Windows 11|Storage: 1TB SSD|M.2 2242 PCIe 4.0×4 NVMe|Speed: up to 5.80 GHz
Acer Predator Helios Neo 16S PHN16S-71-76TK Core Ultra 7 16GB RAM 512GB SSD 8GB RTX 5060 Windows 11,https://www.mega.pk/laptop_products/26872/Acer-Predator-Helios-Neo-16S-PHN16S-71-76TK-Core-Ultra-7-16GB-RAM-512GB-SSD-8GB-RTX-5060-Windows-11.html,"439,999 - PKR
424,999 - PKR","439,999 - PKR",3 % Off,Intel Core Ultra 7 255HX|RAM: 16GB|Screen: 16 Inches|OS: Windows 11|Storage: 512GB SSD|PCI Express NVMe 4.0|Speed: up to 5.20 GHz
Acer Predator Helios Neo 16S AI PHN16S-71-956N Core Ultra 9 16GB RAM 1TB SSD 8GB RTX 5060 Windows 11,https://www.mega.pk/laptop_products/26871/Acer-Predator-Helios-Neo-16S-AI-PHN16S-71-956N-Core-Ultra-9-16GB-RAM-1TB-SSD-8GB-RTX-5060-Windows-11.html,"499,999 - PKR
489,999 - PKR","499,999 - PKR",2 % Off,Intel Core Ultra 9 275HX|RAM: 16GB|Screen: 16 Inches|OS: Windows 11|Storage: 1TB SSD|PCI Express NVMe 4.0|Speed: up to 5.40 GHz
Acer Predator Helios Neo 16S AI PHN16S-71-97CK Core Ultra 9 16GB RAM 1TB SSD 8GB RTX 5070 Windows 11,https://www.mega.pk/laptop_products/26870/Acer-Predator-Helios-Neo-16S-AI-PHN16S-71-97CK-Core-Ultra-9-16GB-RAM-1TB-SSD-8GB-RTX-5070-Windows-11.html,"559,999 - PKR",,N/A,Intel Core Ultra 9 275HX|RAM: 16GB|Screen: 16 Inches|OS: Windows 11|Storage: 1TB SSD|PCI Express NVMe 4.0|Speed: up to 5.40 GHz
Acer Predator Helios 18 AI PH18-73-96Y0 Core Ultra 9 32GB RAM 1TB SSD 16GB RTX 5080 Windows 11,https://www.mega.pk/laptop_products/26868/Acer-Predator-Helios-18-AI-PH18-73-96Y0-Core-Ultra-9-32GB-RAM-1TB-SSD-16GB-RTX-5080-Windows-11.html,"959,999 - PKR",,N/A,Intel Core Ultra 9 275HX|RAM: 32GB|Screen: 18 Inches|OS: Windows 11|Storage: 1TB SSD|PCI Express NVMe 5.0|Speed: up to 5.40 GHz
Acer Predator Helios 16 AI PH16-73-95Q8 Core Ultra 9 64GB RAM 2TB SSD 24GB RTX 5090 Windows 11,https://www.mega.pk/laptop_products/26867/Acer-Predator-Helios-16-AI-PH16-73-95Q8-Core-Ultra-9--64GB-RAM-2TB-SSD-24GB-RTX-5090-Windows-11.html,"1,258,999 - PKR",,N/A,Intel Core Ultra 9 275HX|RAM: 64GB|Screen: 16 Inches|OS: Windows 11|Storage: 2TB SSD|PCI Express NVMe 5.0|Speed: up to 5.40 GHz
Acer Predator Helios 18 AI PH18-73-99HE Core Ultra 9 96GB RAM 2TB SSD 24GB RTX 5090 Windows 11,https://www.mega.pk/laptop_products/26866/Acer-Predator-Helios-18-AI-PH18-73-99HE-Core-Ultra-9--96GB-RAM-2TB-SSD-24GB-RTX-5090-Windows-11.html,"1,358,999 - PKR",,N/A,Intel Core Ultra 9 275HX|RAM: 96GB|Screen: 18 Inches|OS: Windows 11|Storage: 2TB SSD|PCI Express NVMe 5.0|Speed: up to 5.40 GHz
HP OMNIBOOK X FLIP 16-AS0043DX Core Ultra 9 32GB RAM 2TB SSD 3K Touch Windows 11,https://www.mega.pk/laptop_products/26862/HP-OMNIBOOK-X-FLIP-16-AS0043DX-Core-Ultra-9-32GB-RAM-2TB-SSD-3K-Touch-Windows-11.html,"449,999 - PKR
444,999 - PKR","449,999 - PKR",1 % Off,Intel Core Ultra 9 288V|RAM: 32GB|Screen: 16 Inches|OS: Windows 11|Storage: 2TB SSD|PCIe Gen4 NVMe M.2 SSD|Speed: up to 5.1 GHz
HP OMEN 16 AM0073tx Core Ultra 7 16GB RAM 1TB SSD 8GB RTX 5060 Windows 11,https://www.mega.pk/laptop_products/26838/HP-OMEN-16-AM0073tx-Core-Ultra-7-16GB-RAM-1TB-SSD-8GB-RTX-5060-Windows-11.html,"419,999 - PKR
414,999 - PKR","419,999 - PKR",1 % Off,Intel Core Ultra 7 255H Series 2|RAM: 16GB|Screen: 16 Inches|OS: Windows 11|Storage: 1TB SSD|1 TB PCIe Gen4 NVMe M.2 SSD|Speed: up to 5.1 GHz
HP Victus 15 Fa2787nr Core i7 13th Generation 16GB RAM 512GB SSD 8GB RTX 5060 Windows 11,https://www.mega.pk/laptop_products/26834/HP-Victus-15-Fa2787nr-Core-i7-13th-Generation-16GB-RAM-512GB-SSD-8GB-RTX-5060-Windows-11.html,"359,999 - PKR",,N/A,Intel Core i7 13th Generation i7-13620H|RAM: 16GB|Screen: 15.6 inches|OS: Windows 11|Storage: 512GB|SSD|Speed: up to 4.9 GHz
ASUS Zenbook 14 UX3405 Core Ultra 7 16GB RAM 512GB SSD OLED Touch Windows 11,https://www.mega.pk/laptop_products/26832/ASUS-Zenbook-14-UX3405-Core-Ultra-7-16GB-RAM-512GB-SSD-OLED-Touch-Windows-11.html,"288,999 - PKR",,N/A,Intel Core Ultra 7 255H|RAM: 16GB|Screen: 14 Inches|OS: Windows 11|Storage: 512GB SSD|Speed: up to 5.1 GHz
Apple MacBook Pro 14 MDE04 M5 Chip 10 Core CPU 10 Core GPU 16GB RAM 512GB SSD,https://www.mega.pk/laptop_products/26831/Apple-MacBook-Pro-14-MDE04-M5-Chip-10-Core-CPU-10-Core-GPU-16GB-RAM-512GB-SSD.html,"514,999 - PKR
509,999 - PKR","514,999 - PKR",1 % Off,Apple M5 chip|RAM: 16GB|Screen: 14.2 Inches|OS: macOS|Storage: 512GB SSD|Speed: 10 Core CPU with 4 performance cores and 6 efficiency cores
LENOVO Legion 5 16IAX10 Core Ultra 9 32GB RAM 1TB SSD 8GB RTX 5060 Windows 11,https://www.mega.pk/laptop_products/26817/LENOVO-Legion-5-16IAX10-Core-Ultra-9-32GB-RAM-1TB-SSD-8GB-RTX-5060-Windows-11.html,"514,999 - PKR
504,999 - PKR","514,999 - PKR",2 % Off,Intel Core Ultra 9 275HX|RAM: 32GB|Screen: 16 inches|OS: Windows 11|Storage: 1TB SSD|M.2 2242 PCIe 4.0×4 NVMe|Speed: up to 5.40 GHz
LENOVO Legion 5 15IRX10 Core i7 14th Generation 16GB RAM 512GB SSD 8GB RTX 5060 Windows 11,https://www.mega.pk/laptop_products/26816/LENOVO-Legion-5-15IRX10-Core-i7-14th-Generation-16GB-RAM-512GB-SSD-8GB-RTX-5060-Windows-11.html,"439,999 - PKR",,N/A,Intel Core i7-14700HX|RAM: 16GB|Screen: 15.1 Inch|OS: Windows 11|Storage: 512GB SSD|M.2 2242 PCIe 4.0×4 NVMe|Speed: up to 5.50 GHz
LENOVO Legion 5 15IRX10 Core i7 14th Generation 16GB RAM 1TB SSD 8GB RTX 5050 Windows 11,https://www.mega.pk/laptop_products/26815/LENOVO-Legion-5-15IRX10-Core-i7-14th-Generation-16GB-RAM-1TB-SSD-8GB-RTX-5050-Windows-11.html,"439,999 - PKR
429,999 - PKR","439,999 - PKR",2 % Off,Intel Core i7-14700HX|RAM: 16GB|Screen: 15.1 Inch|OS: Windows 11|Storage: 1TB SSD|M.2 2242 PCIe 4.0×4 NVMe|Speed: up to 5.50 GHz
ASUS ROG Strix G16 Ryzen 9 16GB Ram 1TB SSD 12GB NVIDIA RTX5070Ti Windows 11,https://www.mega.pk/laptop_products/26802/ASUS-ROG-Strix-G16-Ryzen-9-16GB-Ram-1TB-SSD-12GB-NVIDIA-RTX5070Ti-Windows-11.html,"674,999 - PKR
630,999 - PKR","674,999 - PKR",7 % Off,AMD Ryzen 9 8940HX|RAM: 16GB|Screen: 16 Inches|OS: Windows 11|Storage: 1TB SSD|PCIe 4.0 NVMe M.2 SSD|Speed: up to 5.3GHz
ASUS ROG Strix G16 Core i9 14th Generation 32GB Ram 1TB SSD 8GB NVIDIA RTX5070 Windows 11,https://www.mega.pk/laptop_products/26801/ASUS-ROG-Strix-G16-Core-i9-14th-Generation-32GB-Ram-1TB-SSD-8GB-NVIDIA-RTX5070-Windows-11.html,"679,999 - PKR
669,999 - PKR","679,999 - PKR",1 % Off,Intel Core i9 Processor 14900HX|RAM: 32GB|Screen: 16 Inches|OS: Windows 11|Storage: 1TB SSD|PCIe 4.0 NVMe M.2 SSD|Speed: up to 5.80 GHz
HP OMEN 16 AM0004tx Core i9 14th Generation 32GB RAM 1TB SSD 8GB RTX 5070 Windows 11,https://www.mega.pk/laptop_products/26800/HP-OMEN-16-AM0004tx-Core-i9-14th-Generation-32GB-RAM-1TB-SSD-8GB-RTX-5070-Windows-11.html,"561,999 - PKR
539,999 - PKR","561,999 - PKR",4 % Off,Intel Core i9-14900HX|RAM: 32GB|Screen: 16 Inches|OS: Windows 11|Storage: 1TB SSD|1 TB PCIe Gen4 NVMe M.2 SSD|Speed: up to 5.8 GHz
HP OMEN 16 AM0003tx Core i9 14th Generation 32GB RAM 1TB SSD 8GB RTX 5060 Windows 11,https://www.mega.pk/laptop_products/26799/HP-OMEN-16-AM0003tx-Core-i9-14th-Generation-32GB-RAM-1TB-SSD-8GB-RTX-5060-Windows-11.html,"524,999 - PKR
509,999 - PKR","524,999 - PKR",3 % Off,Intel Core i9-14900HX|RAM: 32GB|Screen: 16 Inches|OS: Windows 11|Storage: 1TB SSD|1 TB PCIe Gen4 NVMe M.2 SSD|Speed: up to 5.8 GHz
HP OMEN Slim 16 AN0027wm Core Ultra 5 16GB RAM 1TB SSD 8GB RTX 5050 Windows 11,https://www.mega.pk/laptop_products/26797/HP-OMEN-Slim-16-AN0027wm-Core-Ultra-5-16GB-RAM-1TB-SSD-8GB-RTX-5050-Windows-11.html,"341,999 - PKR
329,999 - PKR","341,999 - PKR",4 % Off,Intel Core Ultra 5 225H|RAM: 16GB|Screen: 16 Inches|OS: Windows 11|Storage: 1TB SSD|1 TB PCIe Gen4 NVMe M.2 SSD|Speed: up to 5.4 GHz
HP OmniBook X Flip NGAI 16-AS0023dx Core Ultra 7 16GB RAM 1TB SSD 2K Touch Windows 11,https://www.mega.pk/laptop_products/26794/HP-OmniBook-X-Flip-NGAI-16-AS0023dx-Core-Ultra-7-16GB-RAM-1TB-SSD-2K-Touch-Windows-11.html,"349,999 - PKR
344,999 - PKR","349,999 - PKR",1 % Off,Intel Core Ultra 7 256V|RAM: 16GB|Screen: 16 Inches|OS: Windows 11|Storage: 1TB SSD|PCIe Gen4 NVMe M.2 SSD|Speed: up to 4.8 GHz
HP OmniBook X Flip NGAI 14-Fm0023dx Core Ultra 7 16GB RAM 1TB SSD 2K Touch Windows 11,https://www.mega.pk/laptop_products/26793/HP-OmniBook-X-Flip-NGAI-14-Fm0023dx-Core-Ultra-7-16GB-RAM-1TB-SSD-2K-Touch-Windows-11.html,"344,999 - PKR
339,999 - PKR","344,999 - PKR",1 % Off,Intel Core Ultra 7 256V|RAM: 16GB|Screen: 14 Inches|OS: Windows 11|Storage: 1TB SSD|PCIe Gen4 NVMe M.2 SSD|Speed: up to 4.8 GHz
HP OmniBook X Flip NGAI 14-fm0013dx Core Ultra 5 16GB RAM 512GB SSD 2K Touch Windows 11,https://www.mega.pk/laptop_products/26792/HP-OmniBook-X-Flip-NGAI-14-fm0013dx-Core-Ultra-5-16GB-RAM-512GB-SSD-2K-Touch-Windows-11.html,"279,999 - PKR
274,999 - PKR","279,999 - PKR",2 % Off,Intel Core Ultra 5 226V|RAM: 16GB|Screen: 14 Inches|OS: Windows 11|Storage: 512GB SSD|PCIe Gen4 NVMe M.2 SSD|Speed: up to 4.5 GHz
Apple MacBook Air 15 MC7A4 M4 Chip 10 Core CPU 10 Core GPU 16GB Ram 256GB SSD Sky Blue ,https://www.mega.pk/laptop_products/26757/Apple-MacBook-Air-15-MC7A4-M4-Chip-10-Core-CPU-10-Core-GPU-16GB-Ram-256GB-SSD-Sky-Blue.html,"384,999 - PKR
374,999 - PKR","384,999 - PKR",3 % Off,Apple M4 Chip|RAM: 16GB|Screen: 15.3 Inch|OS: macOS|Storage: 256GB SSD|Speed: 10 Core CPU with 4 performance cores and 6 efficiency cores
DELL Alienware 16 Aurora Core 7 16GB RAM 1TB SSD 8GB RTX 5060 Windows 11,https://www.mega.pk/laptop_products/26733/DELL-Alienware-16-Aurora-Core-7-16GB-RAM-1TB-SSD-8GB-RTX-5060-Windows-11.html,"419,999 - PKR
409,999 - PKR","419,999 - PKR",2 % Off,Intel Core 7 240H|RAM: 16GB|Screen: 16 Inches|OS: Windows 11|Storage: 1TB SSD|M.2 2230 PCIe NVMe Gen4 x4 SSD|Speed: Up to 5.2 GHz
HP Victus 15 FB3093dx Ryzen 7 16GB RAM 512GB SSD 6GB RTX 4050 Windows 11,https://www.mega.pk/laptop_products/26731/HP-Victus-15-FB3093dx-Ryzen-7-16GB-RAM-512GB-SSD-6GB-RTX-4050-Windows-11.html,"299,999 - PKR
294,999 - PKR","299,999 - PKR",2 % Off,AMD Ryzen 7 7445HS|RAM: 16GB|Screen: 15.6 Inch|OS: Windows 11|Storage: 512GB SSD|M.2 2280 PCIe 4.0x4 NVMe|Speed: up to 5.1 GHz
Lenovo ThinkPad E14 Gen 7 Core Ultra 7 16GB RAM 512GB SSD DOS,https://www.mega.pk/laptop_products/26728/Lenovo-ThinkPad-E14-Gen-7-Core-Ultra-7-16GB-RAM-512GB-SSD-DOS.html,"354,999 - PKR",,N/A,Intel Core Ultra 7 255H|RAM: 16GB|Screen: 14 Inches|OS: DOS|Storage: 512GB|SSD|Speed: up to 5.1GHz
Asus VivoBook 16 K3605VU Core i9 13th Generation 16GB RAM 512GB SSD 6GB RTX 4050 Windows 11,https://www.mega.pk/laptop_products/26724/Asus-VivoBook-16-K3605VU-Core-i9-13th-Generation-16GB-RAM-512GB-SSD-6GB-RTX-4050-Windows-11.html,"334,999 - PKR
329,999 - PKR","334,999 - PKR",1 % Off,Intel Core i9 i9-13900H|RAM: 16GB|Screen: 16 inches|OS: Windows 11|Storage: 512GB SSD|SSD|Speed: up to 5.4 GHz
Asus VivoBook 16 K3605VV Core i9 13th Generation 16GB RAM 512GB SSD 8GB RTX 4060 Windows 11,https://www.mega.pk/laptop_products/26723/Asus-VivoBook-16-K3605VV-Core-i9-13th-Generation-16GB-RAM-512GB-SSD-8GB-RTX-4060-Windows-11.html,"359,999 - PKR",,N/A,Intel Core i9 i9-13900H|RAM: 16GB|Screen: 16 inches|OS: Windows 11|Storage: 512GB SSD|SSD|Speed: up to 5.4 GHz
ASUS TUF F16 FX608J Core i7 14th Generation 32GB RAM 1TB SSD 8GB RTX 5060 Windows11,https://www.mega.pk/laptop_products/26721/ASUS-TUF-F16-FX608J-Core-i7-14th-Generation-32GB-RAM-1TB-SSD-8GB-RTX-5060-Windows11.html,"449,999 - PKR
447,499 - PKR","449,999 - PKR",1 % Off,Intel Core i7-14650HX|RAM: 32GB|Screen: 16 inches|OS: Windows11|Storage: 1TB SSD|SSD|Speed: up to 5.2 GHz
Apple MacBook Air 15 MW1M3 M4 Chip 10 Core CPU 10 Core GPU 16GB Ram 512GB SSD MIDNIGHT ,https://www.mega.pk/laptop_products/26718/Apple-MacBook-Air-15-MW1M3-M4-Chip-10-Core-CPU-10-Core-GPU-16GB-Ram-512GB-SSD-MIDNIGHT.html,"439,999 - PKR
435,499 - PKR","439,999 - PKR",1 % Off,Apple M4 Chip|RAM: 16GB|Screen: 15.3 Inch|OS: macOS|Storage: 512GB SSD|Speed: 10 Core CPU with 4 performance cores and 6 efficiency cores
Hp Victus 15 FA2013dx Core i5 13th Generation 8GB RAM 512GB SSD 6GB RTX 3050 Windows 11,https://www.mega.pk/laptop_products/26704/Hp-Victus-15-FA2013dx--Core-i5-13th-Generation-8GB-RAM-512GB-SSD-6GB-RTX-3050-Windows-11.html,"244,999 - PKR
239,999 - PKR","244,999 - PKR",2 % Off,Core i5 13th Generation i5-13440H|RAM: 8GB|Screen: 15.6 INCHES|OS: Windows 11|Storage: 512GB SSD|SSD|Speed: up to 3.4 GHz
Lenovo Legion Pro 7 16IAX10H Core Ultra 9 32GB RAM 1TB SSD 12GB RTX 5070Ti Windows 11,https://www.mega.pk/laptop_products/26699/Lenovo-Legion-Pro-7-16IAX10H-Core-Ultra-9-32GB-RAM-1TB-SSD-12GB-RTX-5070Ti-Windows-11.html,"824,999 - PKR
794,999 - PKR","824,999 - PKR",4 % Off,Intel Core Ultra 9 275HX|RAM: 32GB|Screen: 16 inches|OS: Windows 11|Storage: 1TB SSD|M.2 2280 PCIe 5.0x4|Speed: up to 5.40 GHz
Lenovo Legion Pro 5 Intel Core Ultra 9 32GB RAM 1TB SSD 8GB RTX 5070 DOS,https://www.mega.pk/laptop_products/26698/Lenovo-Legion-Pro-5-Intel-Core-Ultra-9-32GB-RAM-1TB-SSD-8GB-RTX-5070-DOS.html,"654,999 - PKR",,N/A,Intel Core Ultra 9 275HX|RAM: 32GB|Screen: 16 inches|OS: DOS|Storage: 1TB SSD|1TB M.2 2280 PCIe SSD (Gen 4)|Speed: up to 5.40 GHz
Apple Macbook Pro 16 M4 Max Chip 16 Core CPU 40 Core GPU 64GB RAM 1TB SSD,https://www.mega.pk/laptop_products/26697/Apple-Macbook-Pro-16-M4-Max-Chip-16-Core-CPU-40-Core-GPU-64GB-RAM-1TB-SSD.html,"1,419,999 - PKR
1,379,999 - PKR","1,419,999 - PKR",3 % Off,M4 Max Chip|RAM: 64GB Unified memory|Screen: 16 Inches|OS: macOS|Storage: 1TB SSD|SSD
Acer Predator Helios 18 AI PH18-73-96CY Core Ultra 9 64GB RAM 1TB SSD 16GB RTX 5080 Windows 11,https://www.mega.pk/laptop_products/26688/Acer-Predator-Helios-18-AI-PH18-73-96CY-Core-Ultra-9-64GB-RAM-1TB-SSD-16GB-RTX-5080-Windows-11.html,"1,058,999 - PKR",,N/A,Intel Core Ultra 9 275HX|RAM: 64GB|Screen: 18 Inches|OS: Windows 11|Storage: 1TB SSD|PCI Express NVMe 5.0|Speed: up to 5.40 GHz
Acer Predator Helios Neo 16S AI PHN16S-71-99SA Core Ultra 9 32GB RAM 1TB SSD 12GB NVIDIA RTX 5070Ti Windows 11,https://www.mega.pk/laptop_products/26680/Acer-Predator-Helios-Neo-16S-AI-PHN16S-71-99SA-Core-Ultra-9-32GB-RAM-1TB-SSD-12GB-NVIDIA-RTX-5070Ti-Windows-11.html,"729,999 - PKR",,N/A,Intel Core Ultra 9 275HX|RAM: 32GB|Screen: 16 Inches|OS: Windows 11|Storage: 1TB SSD|PCI Express NVMe 4.0|Speed: up to 5.40 GHz
Acer Predator Helios 18 AI PH18-73-96CY Core Ultra 9 64GB RAM 1TB SSD 16GB NVIDIA RTX 5080 Windows 11,https://www.mega.pk/laptop_products/26679/Acer-Predator-Helios-18-AI-PH18-73-96CY-Core-Ultra-9-64GB-RAM-1TB-SSD-16GB-NVIDIA-RTX-5080-Windows-11.html,"1,058,999 - PKR",,N/A,Intel Core Ultra 9 275HX|RAM: 64GB|Screen: 18 Inches|OS: Windows 11|Storage: 1TB SSD|PCI Express NVMe 5.0|Speed: up to 5.40 GHz
Lenovo ThinkBook 16 G8 Core Ultra 7 8GB RAM 512GB SSD DOS,https://www.mega.pk/laptop_products/26678/Lenovo-ThinkBook-16-G8-Core-Ultra-7-8GB-RAM-512GB-SSD-DOS.html,"284,999 - PKR",,N/A,Intel Core Ultra 7 240H|RAM: 8GB|Screen: 16 INCHES|OS: DOS|Storage: 512GB|SSD|Speed: up to 5.1 GHz
LENOVO THINKPAD E16 Gen3 CORE Ultra 7 16GB RAM 512GB SSD DOS,https://www.mega.pk/laptop_products/26669/LENOVO-THINKPAD-E16-Gen3-CORE-Ultra-7-16GB-RAM-512GB-SSD-DOS.html,"364,999 - PKR",,N/A,Intel Core Ultra 7 255H|RAM: 16GB|Screen: 16 inches|OS: DOS|Storage: 512GB SSD|M.2 2242 PCIe 4.0×4 NVMe|Speed: up to 5.1GHz
Lenovo ThinkPad T16 Gen 3 Core Ultra 7 16GB RAM 1TB SSD DOS,https://www.mega.pk/laptop_products/26624/Lenovo-ThinkPad-T16-Gen-3-Core-Ultra-7-16GB-RAM-1TB-SSD-DOS.html,"404,999 - PKR",,N/A,Intel Core Ultra 7 155U|RAM: 16GB|Screen: 16 Inches|OS: DOS|Storage: 1TB SSD|SSD|Speed: up to 4.8 GHz
Apple Macbook Pro 16 M4 Pro Chip 14 Core Cpu 20 Core Gpu 24GB RAM 1TB SSD Space Black,https://www.mega.pk/laptop_products/26598/Apple-Macbook-Pro-16-M4-Pro-Chip-14-Core-Cpu-20-Core-Gpu-24GB-RAM-1TB-SSD-Space-Black.html,"819,999 - PKR
797,499 - PKR","819,999 - PKR",3 % Off,M4 Pro Chip|RAM: 24GB Unified memory|Screen: 16 Inches|OS: macOS|Storage: 1TB SSD|SSD
Apple MacBook Air 13 MC6C4 M4 Chip 10 Core CPU 10 Core GPU 24GB Ram 512GB SSD Midnight,https://www.mega.pk/laptop_products/26584/Apple-MacBook-Air-13-MC6C4-M4-Chip-10-Core-CPU-10-Core-GPU-24GB-Ram-512GB-SSD-Midnight.html,"429,999 - PKR
415,999 - PKR","429,999 - PKR",3 % Off,Apple M4 Chip|RAM: 24GB|Screen: 13.6 Inch|OS: macOS|Storage: 512GB SSD|Speed: 10 Core CPU with 4 performance cores and 6 efficiency cores
Apple MacBook Air 15 MC7D4 M4 Chip 10 Core CPU 10 Core GPU 24GB Ram 512GB SSD Sky Blue ,https://www.mega.pk/laptop_products/26579/Apple-MacBook-Air-15-MC7D4-M4-Chip-10-Core-CPU-10-Core-GPU-24GB-Ram-512GB-SSD-Sky-Blue.html,"499,999 - PKR
494,999 - PKR","499,999 - PKR",1 % Off,Apple M4 Chip|RAM: 24GB|Screen: 15.3 Inch|OS: macOS|Storage: 512GB SSD|Speed: 10 Core CPU with 4 performance cores and 6 efficiency cores
Apple MacBook Air 15 MC6L4 M4 Chip 10 Core CPU 10 Core GPU 24GB Ram 512GB SSD Midnight ,https://www.mega.pk/laptop_products/26577/Apple-MacBook-Air-15-MC6L4--M4-Chip-10-Core-CPU-10-Core-GPU-24GB-Ram-512GB-SSD-Midnight.html,"499,999 - PKR
494,999 - PKR","499,999 - PKR",1 % Off,Apple M4 Chip|RAM: 24GB|Screen: 15.3 Inch|OS: macOS|Storage: 512GB SSD|Speed: 10 Core CPU with 4 performance cores and 6 efficiency cores
Apple MacBook Air 15 MC7C4 M4 Chip 10 Core CPU 10 Core GPU 16GB Ram 512GB SSD Sky Blue ,https://www.mega.pk/laptop_products/26576/Apple-MacBook-Air-15-MC7C4-M4-Chip-10-Core-CPU-10-Core-GPU-16GB-Ram-512GB-SSD-Sky-Blue.html,"439,999 - PKR
435,499 - PKR","439,999 - PKR",1 % Off,Apple M4 Chip|RAM: 16GB|Screen: 15.3 Inch|OS: macOS|Storage: 512GB SSD|Speed: 10 Core CPU with 4 performance cores and 6 efficiency cores
Apple MacBook Air 15 MW1L3 M4 Chip 10 Core CPU 10 Core GPU 16GB Ram 256GB SSD Midnight ,https://www.mega.pk/laptop_products/26575/Apple-MacBook-Air-15-MW1L3-M4-Chip-10-Core-CPU-10-Core-GPU-16GB-Ram-256GB-SSD-Midnight.html,"389,999 - PKR
380,999 - PKR","389,999 - PKR",2 % Off,Apple M4 Chip|RAM: 16GB|Screen: 15.3 Inch|OS: macOS|Storage: 256GB SSD|Speed: 10 Core CPU with 4 performance cores and 6 efficiency cores
Apple MacBook Air 15 MW1J3 M4 Chip 10 Core CPU 10 Core GPU 16GB Ram 256GB SSD Starlight ,https://www.mega.pk/laptop_products/26574/Apple-MacBook-Air-15-MW1J3-M4-Chip-10-Core-CPU-10-Core-GPU-16GB-Ram-256GB-SSD-Starlight.html,"389,999 - PKR
380,999 - PKR","389,999 - PKR",2 % Off,Apple M4 Chip|RAM: 16GB|Screen: 15.3 Inch|OS: macOS|Storage: 256GB SSD|Speed: 10 Core CPU with 4 performance cores and 6 efficiency cores
HP OmniBook Ultra Flip 14 FH0033 Core Ultra 9 Series 2 288V 32GB RAM 2TB SSD X360 Touch Windows 11,https://www.mega.pk/laptop_products/26563/HP-OmniBook-Ultra-Flip-14-FH0033-Core-Ultra-9-Series-2-288V-32GB-RAM-2TB-SSD-X360-Touch-Windows-11.html,"529,999 - PKR
519,999 - PKR","529,999 - PKR",2 % Off,Intel Core Ultra 9 Series 2 228V Processor|RAM: 32GB|Screen: 14 Inch|OS: Windows 11|Storage: 2TB SSD|2 TB PCIe Gen4 NVMe M.2 SSD|Speed: up to 5.1 GHz
HP OmniBook Ultra Flip 14 FH0013 Core Ultra 7 Series 2 256V 16GB RAM 1TB SSD X360 Touch Windows 11,https://www.mega.pk/laptop_products/26562/HP-OmniBook-Ultra-Flip-14-FH0013-Core-Ultra-7-Series-2-256V-16GB-RAM-1TB-SSD-X360-Touch-Windows-11.html,"419,999 - PKR
414,999 - PKR","419,999 - PKR",1 % Off,Intel Core Ultra 7 Series 2 Evo Edition|RAM: 16GB|Screen: 14 Inch|OS: Windows 11|Storage: 1TB SSD|1 TB PCIe Gen4 NVMe M.2 SSD|Speed: up to 4.8 GHz
MSI Raider GE78HX 14VGG 205US Core i9 14th Generation 32GB RAM 1TB SSD 8GB RTX 4070 Windows 11,https://www.mega.pk/laptop_products/26414/MSI-Raider-GE78HX-14VGG-205US-Core-i9-14th-Generation-32GB-RAM-1TB-SSD-8GB-RTX-4070-Windows-11.html,"1,041,999 - PKR",,N/A,Intel Core i9 14th Generation HX series|RAM: 32GB|Screen: 17 Inches|OS: Windows 11|Storage: 2TB SSD|SSD
MSI Raider GE68 HX 14VIG 285US Core i9 14th Generation 64GB RAM 2TB SSD 16GB RTX 4090 Windows 11,https://www.mega.pk/laptop_products/26413/MSI-Raider-GE68-HX-14VIG-285US-Core-i9-14th-Generation-64GB-RAM-2TB-SSD-16GB-RTX-4090-Windows-11.html,"1,449,999 - PKR
1,364,999 - PKR","1,449,999 - PKR",6 % Off,Intel Core i9 14th Generation HX series|Screen: 16 Inch|Storage: 2TB SSD|SSD
Razer Blade 16 RZ09 0510TEN3 R3U1 Core i9 14th Generation 32 GB RAM 1TB SSD 12GB RTX 4080 Windows 11,https://www.mega.pk/laptop_products/26412/Razer-Blade-16-RZ09-0510TEN3-R3U1-Core-i9-14th-Generation-32-GB-RAM-1TB-SSD-12GB-RTX-4080-Windows-11.html,"1,240,999 - PKR",,N/A,Core i9 14th Generation i9-14900HX|RAM: 32GB|Screen: 16 Inches|OS: Windows 11|Storage: 1TB|SSD|Speed: up to 5.8 GHz
Apple Macbook Pro 16 M4 Max Chip Z1FT000LG 16 Core CPU 40 Core GPU 64GB RAM 4TB SSD,https://www.mega.pk/laptop_products/26411/Apple-Macbook-Pro-16-M4-Max-Chip-Z1FT000LG-16-Core-CPU-40-Core-GPU-64GB-RAM-4TB-SSD.html,"1,779,999 - PKR
1,674,999 - PKR","1,779,999 - PKR",6 % Off,M4 Max Chip|RAM: 64GB Unified memory|Screen: 16 Inches|OS: macOS|Storage: 4TB SSD|SSD
Apple Macbook Pro 16 M4 Max Chip Z1FT000T6 16 Core CPU 40 Core GPU 128GB RAM 8TB SSD,https://www.mega.pk/laptop_products/26410/Apple-Macbook-Pro-16-M4-Max-Chip-Z1FT000T6-16-Core-CPU-40-Core-GPU-128GB-RAM-8TB-SSD.html,"2,399,999 - PKR
2,298,999 - PKR","2,399,999 - PKR",4 % Off,M4 Max Chip|RAM: 128GB Unified memory|Screen: 16 Inches|OS: macOS|Storage: 8TB SSD|SSD
Apple Macbook Pro 16 M4 Max Chip Z1FT000FM 16 Core CPU 40 Core GPU 128GB RAM 4TB SSD,https://www.mega.pk/laptop_products/26409/Apple-Macbook-Pro-16-M4-Max-Chip-Z1FT000FM-16-Core-CPU-40-Core-GPU-128GB-RAM-4TB-SSD.html,"1,929,999 - PKR
1,909,799 - PKR","1,929,999 - PKR",1 % Off,M4 Max Chip|RAM: 128GB Unified memory|Screen: 16 Inches|OS: macOS|Storage: 4TB SSD|SSD
Apple Macbook Pro 16 M4 Max Chip Z1FT000LG 16 Core CPU 40 Core GPU 64GB RAM 2TB SSD,https://www.mega.pk/laptop_products/26408/Apple-Macbook-Pro-16-M4-Max-Chip-Z1FT000LG-16-Core-CPU-40-Core-GPU-64GB-RAM-2TB-SSD.html,"1,512,000 - PKR
1,494,999 - PKR","1,512,000 - PKR",1 % Off,M4 Max Chip|RAM: 64GB Unified memory|Screen: 16 Inches|OS: macOS|Storage: 2TB SSD|SSD
Apple Macbook Pro 14 M4 Chip MW2U3 10 Core Cpu 10 Core Gpu 16GB RAM 512GB SSD Space Black,https://www.mega.pk/laptop_products/26344/Apple-Macbook-Pro-14-M4-Chip-MW2U3-10-Core-Cpu-10-Core-Gpu-16GB-RAM-512GB-SSD-Space-Black.html,"469,999 - PKR
464,499 - PKR","469,999 - PKR",1 % Off,M4 Chip|RAM: 16GB Unified memory|Screen: 14 Inches|OS: macOS|Storage: 512GB SSD|SSD
Apple Macbook Pro 16 M4 Max Chip MX313 16 Core CPU 40 Core GPU 48GB RAM 1TB SSD Space Black,https://www.mega.pk/laptop_products/26343/Apple-Macbook-Pro-16-M4-Max-Chip-MX313-16-Core-CPU-40-Core-GPU-48GB-RAM-1TB-SSD-Space-Black.html,"1,299,999 - PKR
1,284,999 - PKR","1,299,999 - PKR",1 % Off,M4 Max Chip|RAM: 48GB Unified memory|Screen: 16 Inches|OS: macOS|Storage: 1TB SSD|SSD
Apple Macbook Pro 16 M4 Pro Chip MX2U3 14 Core CPU 20 Core GPU 48GB RAM 512GB SSD Silver,https://www.mega.pk/laptop_products/26342/Apple-Macbook-Pro-16-M4-Pro-Chip-MX2U3-14-Core-CPU-20-Core-GPU-48GB-RAM-512GB-SSD-Silver.html,"839,999 - PKR
817,999 - PKR","839,999 - PKR",3 % Off,M4 Pro Chip|RAM: 48GB Unified memory|Screen: 16 Inches|OS: macOS|Storage: 512GB SSD|SSD
Apple Macbook Pro 16 M4 Pro Chip MX2T3 14 Core Cpu 20 Core Gpu 24GB RAM 512GB SSD Silver,https://www.mega.pk/laptop_products/26341/Apple-Macbook-Pro-16-M4-Pro-Chip-MX2T3-14-Core-Cpu-20-Core-Gpu-24GB-RAM-512GB-SSD-Silver.html,"739,999 - PKR
719,499 - PKR","739,999 - PKR",3 % Off,M4 Pro Chip|RAM: 24GB Unified memory|Screen: 16 Inches|OS: macOS|Storage: 512GB SSD|SSD
Apple Macbook Pro 14 M4 Pro Chip MX2H3 12 Core Cpu 16 Core Gpu 24GB RAM 512GB SSD Space Black,https://www.mega.pk/laptop_products/26340/Apple-Macbook-Pro-14-M4-Pro-Chip-MX2H3-12-Core-Cpu-16-Core-Gpu-24GB-RAM-512GB-SSD-Space-Black.html,"624,999 - PKR
609,999 - PKR","624,999 - PKR",2 % Off,M4 Pro Chip|RAM: 24GB Unified memory|Screen: 14 Inches|OS: macOS|Storage: 512GB SSD|SSD
Apple Macbook Pro 14 M4 Max Chip MX2G3 14 Core Cpu 32 Core Gpu 36GB RAM 1TB SSD Silver,https://www.mega.pk/laptop_products/26339/Apple-Macbook-Pro-14-M4-Max-Chip-MX2G3-14-Core-Cpu-32-Core-Gpu-36GB-RAM-1TB-SSD-Silver.html,"874,999 - PKR",,N/A,M4 Max Chip|RAM: 36GB Unified memory|Screen: 14 Inches|OS: macOS|Storage: 1TB SSD|SSD
Apple Macbook Pro 14 M4 Max Chip MX2K3 14 Core Cpu 32 Core Gpu 36GB RAM 1TB SSD Space Black,https://www.mega.pk/laptop_products/26337/Apple-Macbook-Pro-14-M4-Max-Chip-MX2K3-14-Core-Cpu-32-Core-Gpu-36GB-RAM-1TB-SSD-Space-Black.html,"874,999 - PKR
862,499 - PKR","874,999 - PKR",1 % Off,M4 Max Chip|RAM: 36GB Unified memory|Screen: 14 Inches|OS: macOS|Storage: 1TB SSD|SSD
Apple Macbook Pro 14 M4 Pro Chip MX2E3 12 Core Cpu 16 Core Gpu 24GB RAM 512GB SSD Silver,https://www.mega.pk/laptop_products/26336/Apple-Macbook-Pro-14-M4-Pro-Chip-MX2E3-12-Core-Cpu-16-Core-Gpu-24GB-RAM-512GB-SSD-Silver.html,"624,999 - PKR
609,999 - PKR","624,999 - PKR",2 % Off,M4 Pro Chip|RAM: 24GB Unified memory|Screen: 14 Inches|OS: macOS|Storage: 512GB SSD|SSD
Apple Macbook Pro 14 M4 Chip MCX14 10 Core Cpu 10 Core Gpu 24GB RAM 1TB SSD Silver,https://www.mega.pk/laptop_products/26335/Apple-Macbook-Pro-14-M4-Chip-MCX14-10-Core-Cpu-10-Core-Gpu-24GB-RAM-1TB-SSD-Silver.html,"560,999 - PKR
542,499 - PKR","560,999 - PKR",3 % Off,M4 Chip|RAM: 24GB Unified memory|Screen: 14 Inches|OS: macOS|Storage: 1TB SSD|SSD
Apple Macbook Pro 14 M4 Chip MCX04 10 Core Cpu 10 Core Gpu 24GB RAM 1TB SSD Space Black,https://www.mega.pk/laptop_products/26334/Apple-Macbook-Pro-14-M4-Chip-MCX04-10-Core-Cpu-10-Core-Gpu-24GB-RAM-1TB-SSD-Space-Black.html,"579,999 - PKR
569,999 - PKR","579,999 - PKR",2 % Off,M4 Chip|RAM: 24GB Unified memory|Screen: 14 Inches|OS: macOS|Storage: 1TB SSD|SSD
Apple Macbook Pro 14 M4 Chip MW2V3 10 Core Cpu 10 Core Gpu 16GB RAM 1TB SSD Space Black,https://www.mega.pk/laptop_products/26333/Apple-Macbook-Pro-14-M4-Chip-MW2V3-10-Core-Cpu-10-Core-Gpu-16GB-RAM-1TB-SSD-Space-Black.html,"524,999 - PKR
519,499 - PKR","524,999 - PKR",1 % Off,M4 Chip|RAM: 16GB Unified memory|Screen: 14 Inches|OS: macOS|Storage: 1TB SSD|SSD
Apple Macbook Pro 14 M4 Chip MW2X3 10 Core Cpu 10 Core Gpu 16GB RAM 1TB SSD Silver,https://www.mega.pk/laptop_products/26326/Apple-Macbook-Pro-14-M4-Chip-MW2X3-10-Core-Cpu-10-Core-Gpu-16GB-RAM-1TB-SSD-Silver.html,"519,999 - PKR
509,999 - PKR","519,999 - PKR",2 % Off,M4 Chip|RAM: 16GB Unified memory|Screen: 14 Inches|OS: macOS|Storage: 1TB SSD|SSD
LENOVO YOGA 7 ULTRA 7 155U 16GB RAM 1TB SSD Touch X360 Windows 11 16 Inch,https://www.mega.pk/laptop_products/26309/LENOVO-YOGA-7-ULTRA-7-155U-16GB-RAM-1TB-SSD-Touch-X360-Windows-11-16-Inch.html,"299,999 - PKR
294,999 - PKR","299,999 - PKR",2 % Off,Intel Core Ultra 7 155U|RAM: 16GB|Screen: 16 Inch|OS: Windows 11|Storage: 1TB SSD|SSD|Speed: 1.7 GHz up to 4.8 GHz
HP ProBook 440 G11 Core Ultra 5 8GB RAM 512GB SSD DOS,https://www.mega.pk/laptop_products/26285/HP-ProBook-440-G11-Core-Ultra-5-8GB-RAM-512GB-SSD-DOS.html,"209,999 - PKR
208,999 - PKR","209,999 - PKR",0 % Off,Intel Core Ultra 5 125U|RAM: 8GB|Screen: 14 Inches|OS: DOS|Storage: 512GB SSD|SSD|Speed: up to 4.3 GHz
DELL VOSTRO 3530 Core i7 13th Generation 8GB RAM 512GB SSD DOS,https://www.mega.pk/laptop_products/26284/DELL-VOSTRO-3530-Core-i7-13th-Generation-8GB-RAM-512GB-SSD-DOS.html,"174,999 - PKR
164,999 - PKR","174,999 - PKR",6 % Off,Core i7 13th Generation i7-1355U|RAM: 8GB|Screen: 15.6 INCHES|OS: DOS|Storage: 512GB SSD|SSD|Speed: up to 4.6 GHz
Apple Macbook Pro 16 M4 Max Chip MX2W3 16 Core CPU 40 Core GPU 48GB RAM 1TB SSD,https://www.mega.pk/laptop_products/26211/Apple-Macbook-Pro-16-M4-Max-Chip-MX2W3-16-Core-CPU-40-Core-GPU-48GB-RAM-1TB-SSD.html,"1,139,999 - PKR
1,132,499 - PKR","1,139,999 - PKR",1 % Off,M4 Max Chip|RAM: 48GB Unified memory|Screen: 16 Inches|OS: macOS|Storage: 1TB SSD|SSD
Apple Macbook Pro 16 M4 Max Chip MX303 14 Core CPU 32 Core GPU 36GB RAM 1TB SSD Space Black,https://www.mega.pk/laptop_products/26210/Apple-Macbook-Pro-16-M4-Max-Chip-MX303-14-Core-CPU-32-Core-GPU-36GB-RAM-1TB-SSD-Space-Black.html,"1,144,999 - PKR",,N/A,M4 Max Chip|RAM: 36GB Unified memory|Screen: 16 Inches|OS: macOS|Storage: 1TB SSD|SSD
Apple Macbook Pro 16 M4 Pro Chip MX2Y3 14 Core CPU 20 Core GPU 48GB RAM 512GB SSD Space Black,https://www.mega.pk/laptop_products/26209/Apple-Macbook-Pro-16-M4-Pro-Chip-MX2Y3-14-Core-CPU-20-Core-GPU-48GB-RAM-512GB-SSD-Space-Black.html,"889,999 - PKR
879,999 - PKR","889,999 - PKR",1 % Off,M4 Pro Chip|RAM: 48GB Unified memory|Screen: 16 Inches|OS: macOS|Storage: 512GB SSD|SSD
Apple Macbook Pro 16 M4 Pro Chip MX2X3 14 Core Cpu 20 Core Gpu 24GB RAM 512GB SSD Space Black,https://www.mega.pk/laptop_products/26208/Apple-Macbook-Pro-16-M4-Pro-Chip-MX2X3-14-Core-Cpu-20-Core-Gpu-24GB-RAM-512GB-SSD-Space-Black.html,"719,999 - PKR",,N/A,M4 Pro Chip|RAM: 24GB Unified memory|Screen: 16 Inches|OS: macOS|Storage: 512GB SSD|SSD
Apple Macbook Pro 14 M4 Pro Chip MX2J3 14 Core Cpu 20 Core Gpu 24GB RAM 1TB SSD Space Black,https://www.mega.pk/laptop_products/26206/Apple-Macbook-Pro-14-M4-Pro-Chip-MX2J3-14-Core-Cpu-20-Core-Gpu-24GB-RAM-1TB-SSD-Space-Black.html,"769,999 - PKR
759,999 - PKR","769,999 - PKR",1 % Off,M4 Pro Chip|RAM: 24GB Unified memory|Screen: 14 Inches|OS: macOS|Storage: 1TB SSD|SSD
Apple Macbook Pro 14 M4 Chip MW2W3 10 Core Cpu 10 Core Gpu 16GB RAM 512GB SSD Silver,https://www.mega.pk/laptop_products/26204/Apple-Macbook-Pro-14-M4-Chip-MW2W3-10-Core-Cpu-10-Core-Gpu-16GB-RAM-512GB-SSD-Silver.html,"464,999 - PKR
454,499 - PKR","464,999 - PKR",2 % Off,M4 Chip|RAM: 16GB Unified memory|Screen: 14 Inches|OS: macOS|Storage: 512GB SSD|SSD
Surface Laptop 7 X Elite 13.8 Inches 16GB RAM 512GB SSD Windows 11,https://www.mega.pk/laptop_products/25769/Surface-Laptop-7-X-Elite-138-Inches-16GB-RAM-512GB-SSD-Windows-11.html,"434,999 - PKR",,N/A,Snapdragon X Elite|RAM: 16GB|Screen: 13.8 Inches|OS: Windows 11|Storage: 512GB SSD|SSD
HP Elitebook 640 G11 Core Ultra 7 8GB RAM 512GB SSD DOS,https://www.mega.pk/laptop_products/25474/HP-Elitebook-640-G11-Core-Ultra-7-8GB-RAM-512GB-SSD-DOS.html,"284,999 - PKR",,N/A,Core Ultra 7 155U|RAM: 8GB|Screen: 14 inches|OS: DOS|Storage: 512GB SSD|SSD|Speed: up to 4.8 GHz
HP PROBOOK 460 G11 Core Ultra 7 8GB RAM 512GB SSD DOS,https://www.mega.pk/laptop_products/25351/HP-PROBOOK-460-G11-Core-Ultra-7-8GB-RAM-512GB-SSD-DOS.html,"249,999 - PKR
244,999 - PKR","249,999 - PKR",2 % Off,Intel Core Ultra 7 processor 155U|RAM: 8GB|Screen: 16 Inches|OS: DOS|Storage: 512GB SSD|SSD|Speed: up to 4.8 GHz
DELL VOSTRO 3530 Core i5 13th Generation 8GB RAM 512GB SSD DOS,https://www.mega.pk/laptop_products/25295/DELL-VOSTRO-3530-Core-i5-13th-Generation-8GB-RAM-512GB-SSD-DOS.html,"141,999 - PKR
139,999 - PKR","141,999 - PKR",1 % Off,Core i5 13th Generation i5-1335U|RAM: 8GB|Screen: 15.6 INCHES|OS: DOS|Storage: 512GB SSD|SSD|Speed: 1.30 GHz to 4.60 GHz
HP Elitebook 840 G11 Core Ultra 7 16GB RAM 512GB SSD DOS,https://www.mega.pk/laptop_products/25269/HP-Elitebook-840-G11-Core-Ultra-7-16GB-RAM-512GB-SSD-DOS.html,"369,999 - PKR
358,999 - PKR","369,999 - PKR",3 % Off,Core Ultra 7 Processor 155H|RAM: 16GB|Screen: 14 INCHES|OS: DOS|Storage: 512GB SSD|SSD|Speed: up to 4.8 GHz
HP VICTUS 15 FB1013Dx Ryzen 5 8GB RAM 512GB SSD 4GB RTX 2050 Windows 11,https://www.mega.pk/laptop_products/24618/HP-VICTUS-15-FB1013Dx-Ryzen-5-8GB-RAM-512GB-SSD-4GB-RTX-2050-Windows-11.html,"209,999 - PKR",,N/A,AMD Ryzen 5 7535HS|RAM: 8GB|Screen: 15.6 Inch|OS: Windows 11|Storage: 512GB|SSD|Speed: up to 4.5 GHz
Lenovo Ideapad Slim 3 Core i5 13th Generation 8GB RAM 512GB SSD DOS ,https://www.mega.pk/laptop_products/24560/Lenovo-Ideapad-Slim-3-Core-i5-13th-Generation-8GB-RAM-512GB-SSD-DOS.html,"174,999 - PKR",,N/A,Core i5 13th Generation i5-13420H|RAM: 8GB|Screen: 15.6 Inch|OS: DOS|Storage: 512GB|SSD|Speed: up to 4.6 GHz
